<?xml version="1.0" encoding="UTF-8"?>
<databaseChangeLog
  xmlns="http://www.liquibase.org/xml/ns/dbchangelog"
  xmlns:xsi="http://www.w3.org/2001/XMLSchema-instance"
  xsi:schemaLocation="http://www.liquibase.org/xml/ns/dbchangelog http://www.liquibase.org/xml/ns/dbchangelog/dbchangelog-3.0.xsd">
  <changeSet id="1" author="nima.bagheri">
    <createTable tableName="quote">
      <column name="id" type="bigint">
        <constraints nullable="false"/>
      </column>
      <column name="author" type="VARCHAR"/>
      <column name="text" type="VARCHAR"/>
    </createTable>
    <addPrimaryKey tableName="quote" columnNames="id"/>
  </changeSet>
</databaseChangeLog>
